-- Phase 4: 195 Country Records
-- Generated: 2026-01-02
-- Total: 177 countries

BEGIN;

-- Clear existing countries
TRUNCATE TABLE countries CASCADE;

-- Insert 195 countries
INSERT INTO countries (code, name, gdp_usd_billions, continent, region, contribution_usd_millions, created_at) VALUES
('USA', 'United States', 27360, 'North America', 'iad', 273.60, '2026-01-02T12:43:28.725Z'),
('CHN', 'China', 17799, 'Asia', 'sin', 177.99, '2026-01-02T12:43:28.725Z'),
('DEU', 'Germany', 4310, 'Europe', 'ams', 43.10, '2026-01-02T12:43:28.725Z'),
('JPN', 'Japan', 4230, 'Asia', 'syd', 42.30, '2026-01-02T12:43:28.725Z'),
('IND', 'India', 3736, 'Asia', 'sin', 37.36, '2026-01-02T12:43:28.725Z'),
('GBR', 'United Kingdom', 3330, 'Europe', 'ams', 33.30, '2026-01-02T12:43:28.725Z'),
('FRA', 'France', 3030, 'Europe', 'ams', 30.30, '2026-01-02T12:43:28.725Z'),
('ITA', 'Italy', 2010, 'Europe', 'ams', 20.10, '2026-01-02T12:43:28.725Z'),
('CAN', 'Canada', 2140, 'North America', 'iad', 21.40, '2026-01-02T12:43:28.725Z'),
('KOR', 'South Korea', 1780, 'Asia', 'syd', 17.80, '2026-01-02T12:43:28.725Z'),
('RUS', 'Russia', 1840, 'Europe', 'ams', 18.40, '2026-01-02T12:43:28.725Z'),
('ESP', 'Spain', 1390, 'Europe', 'ams', 13.90, '2026-01-02T12:43:28.725Z'),
('AUS', 'Australia', 1738, 'Oceania', 'syd', 17.38, '2026-01-02T12:43:28.725Z'),
('MEX', 'Mexico', 1290, 'North America', 'iad', 12.90, '2026-01-02T12:43:28.725Z'),
('IDN', 'Indonesia', 1320, 'Asia', 'sin', 13.20, '2026-01-02T12:43:28.725Z'),
('NLD', 'Netherlands', 1120, 'Europe', 'ams', 11.20, '2026-01-02T12:43:28.725Z'),
('SAU', 'Saudi Arabia', 1090, 'Asia', 'sin', 10.90, '2026-01-02T12:43:28.725Z'),
('TUR', 'Turkey', 1150, 'Asia', 'ams', 11.50, '2026-01-02T12:43:28.725Z'),
('CHE', 'Switzerland', 1020, 'Europe', 'ams', 10.20, '2026-01-02T12:43:28.725Z'),
('POL', 'Poland', 890, 'Europe', 'ams', 8.90, '2026-01-02T12:43:28.725Z'),
('SWE', 'Sweden', 611, 'Europe', 'ams', 6.11, '2026-01-02T12:43:28.725Z'),
('NOR', 'Norway', 598, 'Europe', 'ams', 5.98, '2026-01-02T12:43:28.725Z'),
('BEL', 'Belgium', 694, 'Europe', 'ams', 6.94, '2026-01-02T12:43:28.725Z'),
('ARG', 'Argentina', 632, 'South America', 'iad', 6.32, '2026-01-02T12:43:28.725Z'),
('AUT', 'Austria', 546, 'Europe', 'ams', 5.46, '2026-01-02T12:43:28.725Z'),
('NZL', 'New Zealand', 250, 'Oceania', 'syd', 2.50, '2026-01-02T12:43:28.725Z'),
('DNK', 'Denmark', 406, 'Europe', 'ams', 4.06, '2026-01-02T12:43:28.725Z'),
('FIN', 'Finland', 297, 'Europe', 'ams', 2.97, '2026-01-02T12:43:28.725Z'),
('IRL', 'Ireland', 530, 'Europe', 'ams', 5.30, '2026-01-02T12:43:28.725Z'),
('HKG', 'Hong Kong', 398, 'Asia', 'sin', 3.98, '2026-01-02T12:43:28.725Z'),
('SGP', 'Singapore', 591, 'Asia', 'sin', 5.91, '2026-01-02T12:43:28.725Z'),
('MYS', 'Malaysia', 466, 'Asia', 'sin', 4.66, '2026-01-02T12:43:28.725Z'),
('THA', 'Thailand', 505, 'Asia', 'sin', 5.05, '2026-01-02T12:43:28.725Z'),
('PHL', 'Philippines', 529, 'Asia', 'sin', 5.29, '2026-01-02T12:43:28.725Z'),
('VNM', 'Vietnam', 432, 'Asia', 'sin', 4.32, '2026-01-02T12:43:28.725Z'),
('PAK', 'Pakistan', 376, 'Asia', 'sin', 3.76, '2026-01-02T12:43:28.725Z'),
('BGD', 'Bangladesh', 417, 'Asia', 'sin', 4.17, '2026-01-02T12:43:28.725Z'),
('LKA', 'Sri Lanka', 84, 'Asia', 'sin', 0.84, '2026-01-02T12:43:28.725Z'),
('KAZ', 'Kazakhstan', 204, 'Asia', 'sin', 2.04, '2026-01-02T12:43:28.725Z'),
('UZB', 'Uzbekistan', 83, 'Asia', 'sin', 0.83, '2026-01-02T12:43:28.725Z'),
('ZAF', 'South Africa', 405, 'Africa', 'jnb', 4.05, '2026-01-02T12:43:28.725Z'),
('EGY', 'Egypt', 476, 'Africa', 'jnb', 4.76, '2026-01-02T12:43:28.725Z'),
('NGA', 'Nigeria', 477, 'Africa', 'jnb', 4.77, '2026-01-02T12:43:28.725Z'),
('KEN', 'Kenya', 119, 'Africa', 'jnb', 1.19, '2026-01-02T12:43:28.725Z'),
('ETH', 'Ethiopia', 123, 'Africa', 'jnb', 1.23, '2026-01-02T12:43:28.725Z'),
('GHA', 'Ghana', 79, 'Africa', 'jnb', 0.79, '2026-01-02T12:43:28.725Z'),
('TZA', 'Tanzania', 87, 'Africa', 'jnb', 0.87, '2026-01-02T12:43:28.725Z'),
('UGA', 'Uganda', 47, 'Africa', 'jnb', 0.47, '2026-01-02T12:43:28.725Z'),
('MAR', 'Morocco', 142, 'Africa', 'jnb', 1.42, '2026-01-02T12:43:28.725Z'),
('TUN', 'Tunisia', 73, 'Africa', 'jnb', 0.73, '2026-01-02T12:43:28.725Z'),
('BRA', 'Brazil', 2117, 'South America', 'iad', 21.17, '2026-01-02T12:43:28.725Z'),
('CHL', 'Chile', 282, 'South America', 'iad', 2.82, '2026-01-02T12:43:28.725Z'),
('COL', 'Colombia', 328, 'South America', 'iad', 3.28, '2026-01-02T12:43:28.725Z'),
('PER', 'Peru', 223, 'South America', 'iad', 2.23, '2026-01-02T12:43:28.725Z'),
('ECU', 'Ecuador', 108, 'South America', 'iad', 1.08, '2026-01-02T12:43:28.725Z'),
('VEN', 'Venezuela', 130, 'South America', 'iad', 1.30, '2026-01-02T12:43:28.725Z'),
('BOL', 'Bolivia', 51, 'South America', 'iad', 0.51, '2026-01-02T12:43:28.725Z'),
('URY', 'Uruguay', 77, 'South America', 'iad', 0.77, '2026-01-02T12:43:28.725Z'),
('PRY', 'Paraguay', 47, 'South America', 'iad', 0.47, '2026-01-02T12:43:28.725Z'),
('CUB', 'Cuba', 137, 'Caribbean', 'iad', 1.37, '2026-01-02T12:43:28.725Z'),
('CRI', 'Costa Rica', 81, 'Central America', 'iad', 0.81, '2026-01-02T12:43:28.725Z'),
('PAN', 'Panama', 96, 'Central America', 'iad', 0.96, '2026-01-02T12:43:28.725Z'),
('GTM', 'Guatemala', 97, 'Central America', 'iad', 0.97, '2026-01-02T12:43:28.725Z'),
('HND', 'Honduras', 52, 'Central America', 'iad', 0.52, '2026-01-02T12:43:28.725Z'),
('SLV', 'El Salvador', 36, 'Central America', 'iad', 0.36, '2026-01-02T12:43:28.725Z'),
('JAM', 'Jamaica', 15, 'Caribbean', 'iad', 0.15, '2026-01-02T12:43:28.725Z'),
('DOM', 'Dominican Republic', 99, 'Caribbean', 'iad', 0.99, '2026-01-02T12:43:28.725Z'),
('HTI', 'Haiti', 20, 'Caribbean', 'iad', 0.20, '2026-01-02T12:43:28.725Z'),
('TTO', 'Trinidad and Tobago', 28, 'Caribbean', 'iad', 0.28, '2026-01-02T12:43:28.725Z'),
('BHS', 'Bahamas', 16, 'Caribbean', 'iad', 0.16, '2026-01-02T12:43:28.725Z'),
('CZE', 'Czech Republic', 318, 'Europe', 'ams', 3.18, '2026-01-02T12:43:28.725Z'),
('GRC', 'Greece', 219, 'Europe', 'ams', 2.19, '2026-01-02T12:43:28.725Z'),
('PRT', 'Portugal', 267, 'Europe', 'ams', 2.67, '2026-01-02T12:43:28.725Z'),
('HUN', 'Hungary', 230, 'Europe', 'ams', 2.30, '2026-01-02T12:43:28.725Z'),
('ROU', 'Romania', 301, 'Europe', 'ams', 3.01, '2026-01-02T12:43:28.725Z'),
('BGR', 'Bulgaria', 95, 'Europe', 'ams', 0.95, '2026-01-02T12:43:28.725Z'),
('HRV', 'Croatia', 76, 'Europe', 'ams', 0.76, '2026-01-02T12:43:28.725Z'),
('SVN', 'Slovenia', 76, 'Europe', 'ams', 0.76, '2026-01-02T12:43:28.725Z'),
('SVK', 'Slovakia', 143, 'Europe', 'ams', 1.43, '2026-01-02T12:43:28.725Z'),
('UKR', 'Ukraine', 206, 'Europe', 'ams', 2.06, '2026-01-02T12:43:28.725Z'),
('THA', 'Thailand', 505, 'Asia', 'sin', 5.05, '2026-01-02T12:43:28.725Z'),
('JOR', 'Jordan', 48, 'Asia', 'sin', 0.48, '2026-01-02T12:43:28.725Z'),
('IRN', 'Iran', 411, 'Asia', 'sin', 4.11, '2026-01-02T12:43:28.725Z'),
('IRQ', 'Iraq', 276, 'Asia', 'sin', 2.76, '2026-01-02T12:43:28.725Z'),
('ARE', 'United Arab Emirates', 509, 'Asia', 'sin', 5.09, '2026-01-02T12:43:28.725Z'),
('QAT', 'Qatar', 220, 'Asia', 'sin', 2.20, '2026-01-02T12:43:28.725Z'),
('KWT', 'Kuwait', 189, 'Asia', 'sin', 1.89, '2026-01-02T12:43:28.725Z'),
('OMN', 'Oman', 113, 'Asia', 'sin', 1.13, '2026-01-02T12:43:28.725Z'),
('LBN', 'Lebanon', 22, 'Asia', 'sin', 0.22, '2026-01-02T12:43:28.725Z'),
('ISR', 'Israel', 507, 'Asia', 'sin', 5.07, '2026-01-02T12:43:28.725Z'),
('FJI', 'Fiji', 11, 'Oceania', 'syd', 0.11, '2026-01-02T12:43:28.725Z'),
('VUT', 'Vanuatu', 4, 'Oceania', 'syd', 0.04, '2026-01-02T12:43:28.725Z'),
('WSM', 'Samoa', 1, 'Oceania', 'syd', 0.01, '2026-01-02T12:43:28.725Z'),
('KIR', 'Kiribati', 0.2, 'Oceania', 'syd', 0.00, '2026-01-02T12:43:28.725Z'),
('MHL', 'Marshall Islands', 0.3, 'Oceania', 'syd', 0.00, '2026-01-02T12:43:28.725Z'),
('MUS', 'Mauritius', 18, 'Africa', 'jnb', 0.18, '2026-01-02T12:43:28.725Z'),
('SYC', 'Seychelles', 2, 'Africa', 'jnb', 0.02, '2026-01-02T12:43:28.725Z'),
('COM', 'Comoros', 1, 'Africa', 'jnb', 0.01, '2026-01-02T12:43:28.725Z'),
('CPV', 'Cape Verde', 2, 'Africa', 'jnb', 0.02, '2026-01-02T12:43:28.725Z'),
('STP', 'São Tomé and Príncipe', 0.7, 'Africa', 'jnb', 0.01, '2026-01-02T12:43:28.725Z'),
('ISL', 'Iceland', 33, 'Europe', 'ams', 0.33, '2026-01-02T12:43:28.725Z'),
('LUX', 'Luxembourg', 87, 'Europe', 'ams', 0.87, '2026-01-02T12:43:28.725Z'),
('MLT', 'Malta', 24, 'Europe', 'ams', 0.24, '2026-01-02T12:43:28.725Z'),
('CYP', 'Cyprus', 32, 'Europe', 'ams', 0.32, '2026-01-02T12:43:28.725Z'),
('AGO', 'Angola', 116, 'Africa', 'jnb', 1.16, '2026-01-02T12:43:28.725Z'),
('MOZ', 'Mozambique', 40, 'Africa', 'jnb', 0.40, '2026-01-02T12:43:28.725Z'),
('ZWE', 'Zimbabwe', 28, 'Africa', 'jnb', 0.28, '2026-01-02T12:43:28.725Z'),
('ZMB', 'Zambia', 35, 'Africa', 'jnb', 0.35, '2026-01-02T12:43:28.725Z'),
('BWA', 'Botswana', 23, 'Africa', 'jnb', 0.23, '2026-01-02T12:43:28.725Z'),
('NAM', 'Namibia', 14, 'Africa', 'jnb', 0.14, '2026-01-02T12:43:28.725Z'),
('LSO', 'Lesotho', 3, 'Africa', 'jnb', 0.03, '2026-01-02T12:43:28.725Z'),
('SWZ', 'Eswatini', 4, 'Africa', 'jnb', 0.04, '2026-01-02T12:43:28.725Z'),
('MDG', 'Madagascar', 42, 'Africa', 'jnb', 0.42, '2026-01-02T12:43:28.725Z'),
('MWI', 'Malawi', 13, 'Africa', 'jnb', 0.13, '2026-01-02T12:43:28.725Z'),
('AFG', 'Afghanistan', 20, 'Asia', 'sin', 0.20, '2026-01-02T12:43:28.725Z'),
('TJK', 'Tajikistan', 10, 'Asia', 'sin', 0.10, '2026-01-02T12:43:28.725Z'),
('KGZ', 'Kyrgyzstan', 9, 'Asia', 'sin', 0.09, '2026-01-02T12:43:28.725Z'),
('TKM', 'Turkmenistan', 93, 'Asia', 'sin', 0.93, '2026-01-02T12:43:28.725Z'),
('MNG', 'Mongolia', 18, 'Asia', 'syd', 0.18, '2026-01-02T12:43:28.725Z'),
('KHM', 'Cambodia', 44, 'Asia', 'sin', 0.44, '2026-01-02T12:43:28.725Z'),
('LAO', 'Laos', 20, 'Asia', 'sin', 0.20, '2026-01-02T12:43:28.725Z'),
('MMR', 'Myanmar', 87, 'Asia', 'sin', 0.87, '2026-01-02T12:43:28.725Z'),
('BTN', 'Bhutan', 8, 'Asia', 'sin', 0.08, '2026-01-02T12:43:28.725Z'),
('NPL', 'Nepal', 53, 'Asia', 'sin', 0.53, '2026-01-02T12:43:28.725Z'),
('AIA', 'Anguilla', 0.3, 'Caribbean', 'iad', 0.00, '2026-01-02T12:43:28.725Z'),
('ATG', 'Antigua and Barbuda', 2, 'Caribbean', 'iad', 0.02, '2026-01-02T12:43:28.725Z'),
('BRB', 'Barbados', 5, 'Caribbean', 'iad', 0.05, '2026-01-02T12:43:28.725Z'),
('BLZ', 'Belize', 5, 'Central America', 'iad', 0.05, '2026-01-02T12:43:28.725Z'),
('BMU', 'Bermuda', 7, 'Caribbean', 'iad', 0.07, '2026-01-02T12:43:28.725Z'),
('BRN', 'Brunei', 17, 'Asia', 'sin', 0.17, '2026-01-02T12:43:28.725Z'),
('CAY', 'Cayman Islands', 7, 'Caribbean', 'iad', 0.07, '2026-01-02T12:43:28.725Z'),
('DMA', 'Dominica', 1, 'Caribbean', 'iad', 0.01, '2026-01-02T12:43:28.725Z'),
('FSM', 'Micronesia', 0.4, 'Oceania', 'syd', 0.00, '2026-01-02T12:43:28.725Z'),
('GRL', 'Greenland', 3, 'North America', 'iad', 0.03, '2026-01-02T12:43:28.725Z'),
('GRD', 'Grenada', 2, 'Caribbean', 'iad', 0.02, '2026-01-02T12:43:28.725Z'),
('GGY', 'Guernsey', 4, 'Europe', 'ams', 0.04, '2026-01-02T12:43:28.725Z'),
('IMN', 'Isle of Man', 7, 'Europe', 'ams', 0.07, '2026-01-02T12:43:28.725Z'),
('JEY', 'Jersey', 6, 'Europe', 'ams', 0.06, '2026-01-02T12:43:28.725Z'),
('KNA', 'Saint Kitts and Nevis', 2, 'Caribbean', 'iad', 0.02, '2026-01-02T12:43:28.725Z'),
('LCA', 'Saint Lucia', 3, 'Caribbean', 'iad', 0.03, '2026-01-02T12:43:28.725Z'),
('MAF', 'Sint Maarten', 2, 'Caribbean', 'iad', 0.02, '2026-01-02T12:43:28.725Z'),
('MNT', 'Montserrat', 0.1, 'Caribbean', 'iad', 0.00, '2026-01-02T12:43:28.725Z'),
('NRU', 'Nauru', 0.1, 'Oceania', 'syd', 0.00, '2026-01-02T12:43:28.725Z'),
('PLW', 'Palau', 0.3, 'Oceania', 'syd', 0.00, '2026-01-02T12:43:28.725Z'),
('PNG', 'Papua New Guinea', 35, 'Oceania', 'syd', 0.35, '2026-01-02T12:43:28.725Z'),
('PRI', 'Puerto Rico', 110, 'Caribbean', 'iad', 1.10, '2026-01-02T12:43:28.725Z'),
('RWA', 'Rwanda', 15, 'Africa', 'jnb', 0.15, '2026-01-02T12:43:28.725Z'),
('VCT', 'Saint Vincent and the Grenadines', 1, 'Caribbean', 'iad', 0.01, '2026-01-02T12:43:28.725Z'),
('SLB', 'Solomon Islands', 2, 'Oceania', 'syd', 0.02, '2026-01-02T12:43:28.725Z'),
('SUR', 'Suriname', 10, 'South America', 'iad', 0.10, '2026-01-02T12:43:28.725Z'),
('TWN', 'Taiwan', 873, 'Asia', 'syd', 8.73, '2026-01-02T12:43:28.725Z'),
('TLS', 'Timor-Leste', 3, 'Asia', 'sin', 0.03, '2026-01-02T12:43:28.725Z'),
('TON', 'Tonga', 0.5, 'Oceania', 'syd', 0.01, '2026-01-02T12:43:28.725Z'),
('TKL', 'Tokelau', 0.02, 'Oceania', 'syd', 0.00, '2026-01-02T12:43:28.725Z'),
('TCA', 'Turks and Caicos Islands', 1, 'Caribbean', 'iad', 0.01, '2026-01-02T12:43:28.725Z'),
('ATF', 'French Southern Territories', 0.1, 'Antarctica', 'syd', 0.00, '2026-01-02T12:43:28.725Z'),
('ABW', 'Aruba', 3, 'Caribbean', 'iad', 0.03, '2026-01-02T12:43:28.725Z'),
('CUW', 'Curaçao', 3, 'Caribbean', 'iad', 0.03, '2026-01-02T12:43:28.725Z'),
('CXR', 'Christmas Island', 0.2, 'Oceania', 'syd', 0.00, '2026-01-02T12:43:28.725Z'),
('CCK', 'Cocos Islands', 0.1, 'Oceania', 'syd', 0.00, '2026-01-02T12:43:28.725Z'),
('FRO', 'Faroe Islands', 3, 'Europe', 'ams', 0.03, '2026-01-02T12:43:28.725Z'),
('GIB', 'Gibraltar', 2, 'Europe', 'ams', 0.02, '2026-01-02T12:43:28.725Z'),
('HMD', 'Heard Island', 0.01, 'Antarctica', 'syd', 0.00, '2026-01-02T12:43:28.725Z'),
('IOT', 'British Indian Ocean Territory', 0.1, 'Africa', 'jnb', 0.00, '2026-01-02T12:43:28.726Z'),
('NFK', 'Norfolk Island', 0.1, 'Oceania', 'syd', 0.00, '2026-01-02T12:43:28.726Z'),
('PCN', 'Pitcairn Islands', 0.01, 'Oceania', 'syd', 0.00, '2026-01-02T12:43:28.726Z'),
('SXM', 'Saint Martin', 1, 'Caribbean', 'iad', 0.01, '2026-01-02T12:43:28.726Z'),
('SPM', 'Saint Pierre and Miquelon', 0.3, 'North America', 'iad', 0.00, '2026-01-02T12:43:28.726Z'),
('SGS', 'South Georgia', 0.05, 'South America', 'iad', 0.00, '2026-01-02T12:43:28.726Z'),
('TKA', 'Turks and Caicos', 1, 'Caribbean', 'iad', 0.01, '2026-01-02T12:43:28.726Z'),
('VGB', 'British Virgin Islands', 1, 'Caribbean', 'iad', 0.01, '2026-01-02T12:43:28.726Z'),
('VIR', 'US Virgin Islands', 4, 'Caribbean', 'iad', 0.04, '2026-01-02T12:43:28.726Z'),
('WLF', 'Wallis and Futuna', 0.1, 'Oceania', 'syd', 0.00, '2026-01-02T12:43:28.726Z'),
('ASM', 'American Samoa', 0.6, 'Oceania', 'syd', 0.01, '2026-01-02T12:43:28.726Z'),
('GUM', 'Guam', 7, 'Oceania', 'syo', 0.07, '2026-01-02T12:43:28.726Z'),
('MNP', 'Northern Mariana Islands', 1, 'Oceania', 'syd', 0.01, '2026-01-02T12:43:28.726Z'),
('PSE', 'Palestine', 18, 'Asia', 'sin', 0.18, '2026-01-02T12:43:28.726Z');

-- Insert initial 300 projects (50 per region)
INSERT INTO covenant_projects (name, description, region, country_code, sector, status, funding_usd_millions, created_at) VALUES
('Global Agriculture Initiative 1 - ams', 'Phase 4 expansion project for Agriculture', 'ams', 'DEU', 'Agriculture', 'Active', 16.67, '2026-01-02T12:43:28.726Z'),
('Global Minerals Initiative 2 - ams', 'Phase 4 expansion project for Minerals', 'ams', 'GBR', 'Minerals', 'Pending', 7.15, '2026-01-02T12:43:28.726Z'),
('Global Energy Initiative 3 - ams', 'Phase 4 expansion project for Energy', 'ams', 'FRA', 'Energy', 'Completed', 48.15, '2026-01-02T12:43:28.726Z'),
('Global Technology Initiative 4 - ams', 'Phase 4 expansion project for Technology', 'ams', 'NLD', 'Technology', 'Active', 30.14, '2026-01-02T12:43:28.726Z'),
('Global Health Initiative 5 - ams', 'Phase 4 expansion project for Health', 'ams', 'USA', 'Health', 'Pending', 22.22, '2026-01-02T12:43:28.726Z'),
('Global Education Initiative 6 - ams', 'Phase 4 expansion project for Education', 'ams', 'CAN', 'Education', 'Completed', 10.09, '2026-01-02T12:43:28.726Z'),
('Global Agriculture Initiative 7 - ams', 'Phase 4 expansion project for Agriculture', 'ams', 'MEX', 'Agriculture', 'Active', 42.92, '2026-01-02T12:43:28.726Z'),
('Global Minerals Initiative 8 - ams', 'Phase 4 expansion project for Minerals', 'ams', 'BRA', 'Minerals', 'Pending', 45.33, '2026-01-02T12:43:28.726Z'),
('Global Energy Initiative 9 - ams', 'Phase 4 expansion project for Energy', 'ams', 'AUS', 'Energy', 'Completed', 10.78, '2026-01-02T12:43:28.726Z'),
('Global Technology Initiative 10 - ams', 'Phase 4 expansion project for Technology', 'ams', 'CHN', 'Technology', 'Active', 27.66, '2026-01-02T12:43:28.726Z'),
('Global Health Initiative 11 - ams', 'Phase 4 expansion project for Health', 'ams', 'DEU', 'Health', 'Pending', 32.33, '2026-01-02T12:43:28.726Z'),
('Global Education Initiative 12 - ams', 'Phase 4 expansion project for Education', 'ams', 'GBR', 'Education', 'Completed', 21.64, '2026-01-02T12:43:28.726Z'),
('Global Agriculture Initiative 13 - ams', 'Phase 4 expansion project for Agriculture', 'ams', 'FRA', 'Agriculture', 'Active', 48.83, '2026-01-02T12:43:28.726Z'),
('Global Minerals Initiative 14 - ams', 'Phase 4 expansion project for Minerals', 'ams', 'NLD', 'Minerals', 'Pending', 52.42, '2026-01-02T12:43:28.726Z'),
('Global Energy Initiative 15 - ams', 'Phase 4 expansion project for Energy', 'ams', 'USA', 'Energy', 'Completed', 12.98, '2026-01-02T12:43:28.726Z'),
('Global Technology Initiative 16 - ams', 'Phase 4 expansion project for Technology', 'ams', 'CAN', 'Technology', 'Active', 7.55, '2026-01-02T12:43:28.726Z'),
('Global Health Initiative 17 - ams', 'Phase 4 expansion project for Health', 'ams', 'MEX', 'Health', 'Pending', 6.65, '2026-01-02T12:43:28.726Z'),
('Global Education Initiative 18 - ams', 'Phase 4 expansion project for Education', 'ams', 'BRA', 'Education', 'Completed', 40.15, '2026-01-02T12:43:28.726Z'),
('Global Agriculture Initiative 19 - ams', 'Phase 4 expansion project for Agriculture', 'ams', 'AUS', 'Agriculture', 'Active', 53.41, '2026-01-02T12:43:28.726Z'),
('Global Minerals Initiative 20 - ams', 'Phase 4 expansion project for Minerals', 'ams', 'CHN', 'Minerals', 'Pending', 6.51, '2026-01-02T12:43:28.726Z'),
('Global Energy Initiative 21 - ams', 'Phase 4 expansion project for Energy', 'ams', 'DEU', 'Energy', 'Completed', 46.64, '2026-01-02T12:43:28.726Z'),
('Global Technology Initiative 22 - ams', 'Phase 4 expansion project for Technology', 'ams', 'GBR', 'Technology', 'Active', 17.63, '2026-01-02T12:43:28.726Z'),
('Global Health Initiative 23 - ams', 'Phase 4 expansion project for Health', 'ams', 'FRA', 'Health', 'Pending', 54.43, '2026-01-02T12:43:28.726Z'),
('Global Education Initiative 24 - ams', 'Phase 4 expansion project for Education', 'ams', 'NLD', 'Education', 'Completed', 20.16, '2026-01-02T12:43:28.726Z'),
('Global Agriculture Initiative 25 - ams', 'Phase 4 expansion project for Agriculture', 'ams', 'USA', 'Agriculture', 'Active', 53.69, '2026-01-02T12:43:28.726Z'),
('Global Minerals Initiative 26 - ams', 'Phase 4 expansion project for Minerals', 'ams', 'CAN', 'Minerals', 'Pending', 14.12, '2026-01-02T12:43:28.726Z'),
('Global Energy Initiative 27 - ams', 'Phase 4 expansion project for Energy', 'ams', 'MEX', 'Energy', 'Completed', 11.15, '2026-01-02T12:43:28.726Z'),
('Global Technology Initiative 28 - ams', 'Phase 4 expansion project for Technology', 'ams', 'BRA', 'Technology', 'Active', 31.43, '2026-01-02T12:43:28.726Z'),
('Global Health Initiative 29 - ams', 'Phase 4 expansion project for Health', 'ams', 'AUS', 'Health', 'Pending', 39.71, '2026-01-02T12:43:28.726Z'),
('Global Education Initiative 30 - ams', 'Phase 4 expansion project for Education', 'ams', 'CHN', 'Education', 'Completed', 21.99, '2026-01-02T12:43:28.726Z'),
('Global Agriculture Initiative 31 - ams', 'Phase 4 expansion project for Agriculture', 'ams', 'DEU', 'Agriculture', 'Active', 22.84, '2026-01-02T12:43:28.726Z'),
('Global Minerals Initiative 32 - ams', 'Phase 4 expansion project for Minerals', 'ams', 'GBR', 'Minerals', 'Pending', 47.49, '2026-01-02T12:43:28.726Z'),
('Global Energy Initiative 33 - ams', 'Phase 4 expansion project for Energy', 'ams', 'FRA', 'Energy', 'Completed', 46.14, '2026-01-02T12:43:28.726Z'),
('Global Technology Initiative 34 - ams', 'Phase 4 expansion project for Technology', 'ams', 'NLD', 'Technology', 'Active', 10.68, '2026-01-02T12:43:28.726Z'),
('Global Health Initiative 35 - ams', 'Phase 4 expansion project for Health', 'ams', 'USA', 'Health', 'Pending', 9.75, '2026-01-02T12:43:28.726Z'),
('Global Education Initiative 36 - ams', 'Phase 4 expansion project for Education', 'ams', 'CAN', 'Education', 'Completed', 20.12, '2026-01-02T12:43:28.726Z'),
('Global Agriculture Initiative 37 - ams', 'Phase 4 expansion project for Agriculture', 'ams', 'MEX', 'Agriculture', 'Active', 41.55, '2026-01-02T12:43:28.726Z'),
('Global Minerals Initiative 38 - ams', 'Phase 4 expansion project for Minerals', 'ams', 'BRA', 'Minerals', 'Pending', 31.02, '2026-01-02T12:43:28.726Z'),
('Global Energy Initiative 39 - ams', 'Phase 4 expansion project for Energy', 'ams', 'AUS', 'Energy', 'Completed', 26.65, '2026-01-02T12:43:28.726Z'),
('Global Technology Initiative 40 - ams', 'Phase 4 expansion project for Technology', 'ams', 'CHN', 'Technology', 'Active', 26.49, '2026-01-02T12:43:28.726Z'),
('Global Health Initiative 41 - ams', 'Phase 4 expansion project for Health', 'ams', 'DEU', 'Health', 'Pending', 36.55, '2026-01-02T12:43:28.726Z'),
('Global Education Initiative 42 - ams', 'Phase 4 expansion project for Education', 'ams', 'GBR', 'Education', 'Completed', 50.39, '2026-01-02T12:43:28.726Z'),
('Global Agriculture Initiative 43 - ams', 'Phase 4 expansion project for Agriculture', 'ams', 'FRA', 'Agriculture', 'Active', 11.83, '2026-01-02T12:43:28.726Z'),
('Global Minerals Initiative 44 - ams', 'Phase 4 expansion project for Minerals', 'ams', 'NLD', 'Minerals', 'Pending', 38.31, '2026-01-02T12:43:28.726Z'),
('Global Energy Initiative 45 - ams', 'Phase 4 expansion project for Energy', 'ams', 'USA', 'Energy', 'Completed', 46.13, '2026-01-02T12:43:28.726Z'),
('Global Technology Initiative 46 - ams', 'Phase 4 expansion project for Technology', 'ams', 'CAN', 'Technology', 'Active', 17.73, '2026-01-02T12:43:28.726Z'),
('Global Health Initiative 47 - ams', 'Phase 4 expansion project for Health', 'ams', 'MEX', 'Health', 'Pending', 24.02, '2026-01-02T12:43:28.726Z'),
('Global Education Initiative 48 - ams', 'Phase 4 expansion project for Education', 'ams', 'BRA', 'Education', 'Completed', 48.48, '2026-01-02T12:43:28.726Z'),
('Global Agriculture Initiative 49 - ams', 'Phase 4 expansion project for Agriculture', 'ams', 'AUS', 'Agriculture', 'Active', 52.38, '2026-01-02T12:43:28.726Z'),
('Global Minerals Initiative 50 - ams', 'Phase 4 expansion project for Minerals', 'ams', 'CHN', 'Minerals', 'Pending', 54.67, '2026-01-02T12:43:28.726Z'),
('Global Agriculture Initiative 1 - iad', 'Phase 4 expansion project for Agriculture', 'iad', 'DEU', 'Agriculture', 'Active', 35.56, '2026-01-02T12:43:28.726Z'),
('Global Minerals Initiative 2 - iad', 'Phase 4 expansion project for Minerals', 'iad', 'GBR', 'Minerals', 'Pending', 27.02, '2026-01-02T12:43:28.726Z'),
('Global Energy Initiative 3 - iad', 'Phase 4 expansion project for Energy', 'iad', 'FRA', 'Energy', 'Completed', 16.02, '2026-01-02T12:43:28.726Z'),
('Global Technology Initiative 4 - iad', 'Phase 4 expansion project for Technology', 'iad', 'NLD', 'Technology', 'Active', 19.70, '2026-01-02T12:43:28.726Z'),
('Global Health Initiative 5 - iad', 'Phase 4 expansion project for Health', 'iad', 'USA', 'Health', 'Pending', 37.92, '2026-01-02T12:43:28.726Z'),
('Global Education Initiative 6 - iad', 'Phase 4 expansion project for Education', 'iad', 'CAN', 'Education', 'Completed', 18.04, '2026-01-02T12:43:28.726Z'),
('Global Agriculture Initiative 7 - iad', 'Phase 4 expansion project for Agriculture', 'iad', 'MEX', 'Agriculture', 'Active', 30.50, '2026-01-02T12:43:28.726Z'),
('Global Minerals Initiative 8 - iad', 'Phase 4 expansion project for Minerals', 'iad', 'BRA', 'Minerals', 'Pending', 50.45, '2026-01-02T12:43:28.726Z'),
('Global Energy Initiative 9 - iad', 'Phase 4 expansion project for Energy', 'iad', 'AUS', 'Energy', 'Completed', 22.36, '2026-01-02T12:43:28.726Z'),
('Global Technology Initiative 10 - iad', 'Phase 4 expansion project for Technology', 'iad', 'CHN', 'Technology', 'Active', 40.25, '2026-01-02T12:43:28.726Z'),
('Global Health Initiative 11 - iad', 'Phase 4 expansion project for Health', 'iad', 'DEU', 'Health', 'Pending', 53.90, '2026-01-02T12:43:28.726Z'),
('Global Education Initiative 12 - iad', 'Phase 4 expansion project for Education', 'iad', 'GBR', 'Education', 'Completed', 11.58, '2026-01-02T12:43:28.726Z'),
('Global Agriculture Initiative 13 - iad', 'Phase 4 expansion project for Agriculture', 'iad', 'FRA', 'Agriculture', 'Active', 22.19, '2026-01-02T12:43:28.726Z'),
('Global Minerals Initiative 14 - iad', 'Phase 4 expansion project for Minerals', 'iad', 'NLD', 'Minerals', 'Pending', 7.25, '2026-01-02T12:43:28.726Z'),
('Global Energy Initiative 15 - iad', 'Phase 4 expansion project for Energy', 'iad', 'USA', 'Energy', 'Completed', 35.10, '2026-01-02T12:43:28.726Z'),
('Global Technology Initiative 16 - iad', 'Phase 4 expansion project for Technology', 'iad', 'CAN', 'Technology', 'Active', 19.39, '2026-01-02T12:43:28.726Z'),
('Global Health Initiative 17 - iad', 'Phase 4 expansion project for Health', 'iad', 'MEX', 'Health', 'Pending', 41.88, '2026-01-02T12:43:28.726Z'),
('Global Education Initiative 18 - iad', 'Phase 4 expansion project for Education', 'iad', 'BRA', 'Education', 'Completed', 9.40, '2026-01-02T12:43:28.726Z'),
('Global Agriculture Initiative 19 - iad', 'Phase 4 expansion project for Agriculture', 'iad', 'AUS', 'Agriculture', 'Active', 48.81, '2026-01-02T12:43:28.726Z'),
('Global Minerals Initiative 20 - iad', 'Phase 4 expansion project for Minerals', 'iad', 'CHN', 'Minerals', 'Pending', 17.59, '2026-01-02T12:43:28.726Z'),
('Global Energy Initiative 21 - iad', 'Phase 4 expansion project for Energy', 'iad', 'DEU', 'Energy', 'Completed', 14.90, '2026-01-02T12:43:28.726Z'),
('Global Technology Initiative 22 - iad', 'Phase 4 expansion project for Technology', 'iad', 'GBR', 'Technology', 'Active', 23.53, '2026-01-02T12:43:28.726Z'),
('Global Health Initiative 23 - iad', 'Phase 4 expansion project for Health', 'iad', 'FRA', 'Health', 'Pending', 22.00, '2026-01-02T12:43:28.726Z'),
('Global Education Initiative 24 - iad', 'Phase 4 expansion project for Education', 'iad', 'NLD', 'Education', 'Completed', 44.43, '2026-01-02T12:43:28.726Z'),
('Global Agriculture Initiative 25 - iad', 'Phase 4 expansion project for Agriculture', 'iad', 'USA', 'Agriculture', 'Active', 35.65, '2026-01-02T12:43:28.726Z'),
('Global Minerals Initiative 26 - iad', 'Phase 4 expansion project for Minerals', 'iad', 'CAN', 'Minerals', 'Pending', 18.11, '2026-01-02T12:43:28.726Z'),
('Global Energy Initiative 27 - iad', 'Phase 4 expansion project for Energy', 'iad', 'MEX', 'Energy', 'Completed', 18.94, '2026-01-02T12:43:28.726Z'),
('Global Technology Initiative 28 - iad', 'Phase 4 expansion project for Technology', 'iad', 'BRA', 'Technology', 'Active', 51.68, '2026-01-02T12:43:28.726Z'),
('Global Health Initiative 29 - iad', 'Phase 4 expansion project for Health', 'iad', 'AUS', 'Health', 'Pending', 25.31, '2026-01-02T12:43:28.726Z'),
('Global Education Initiative 30 - iad', 'Phase 4 expansion project for Education', 'iad', 'CHN', 'Education', 'Completed', 12.78, '2026-01-02T12:43:28.726Z'),
('Global Agriculture Initiative 31 - iad', 'Phase 4 expansion project for Agriculture', 'iad', 'DEU', 'Agriculture', 'Active', 45.04, '2026-01-02T12:43:28.726Z'),
('Global Minerals Initiative 32 - iad', 'Phase 4 expansion project for Minerals', 'iad', 'GBR', 'Minerals', 'Pending', 29.78, '2026-01-02T12:43:28.726Z'),
('Global Energy Initiative 33 - iad', 'Phase 4 expansion project for Energy', 'iad', 'FRA', 'Energy', 'Completed', 37.77, '2026-01-02T12:43:28.726Z'),
('Global Technology Initiative 34 - iad', 'Phase 4 expansion project for Technology', 'iad', 'NLD', 'Technology', 'Active', 43.68, '2026-01-02T12:43:28.726Z'),
('Global Health Initiative 35 - iad', 'Phase 4 expansion project for Health', 'iad', 'USA', 'Health', 'Pending', 16.71, '2026-01-02T12:43:28.726Z'),
('Global Education Initiative 36 - iad', 'Phase 4 expansion project for Education', 'iad', 'CAN', 'Education', 'Completed', 35.90, '2026-01-02T12:43:28.726Z'),
('Global Agriculture Initiative 37 - iad', 'Phase 4 expansion project for Agriculture', 'iad', 'MEX', 'Agriculture', 'Active', 43.63, '2026-01-02T12:43:28.726Z'),
('Global Minerals Initiative 38 - iad', 'Phase 4 expansion project for Minerals', 'iad', 'BRA', 'Minerals', 'Pending', 39.49, '2026-01-02T12:43:28.726Z'),
('Global Energy Initiative 39 - iad', 'Phase 4 expansion project for Energy', 'iad', 'AUS', 'Energy', 'Completed', 45.20, '2026-01-02T12:43:28.726Z'),
('Global Technology Initiative 40 - iad', 'Phase 4 expansion project for Technology', 'iad', 'CHN', 'Technology', 'Active', 30.48, '2026-01-02T12:43:28.726Z'),
('Global Health Initiative 41 - iad', 'Phase 4 expansion project for Health', 'iad', 'DEU', 'Health', 'Pending', 24.30, '2026-01-02T12:43:28.726Z'),
('Global Education Initiative 42 - iad', 'Phase 4 expansion project for Education', 'iad', 'GBR', 'Education', 'Completed', 31.11, '2026-01-02T12:43:28.726Z'),
('Global Agriculture Initiative 43 - iad', 'Phase 4 expansion project for Agriculture', 'iad', 'FRA', 'Agriculture', 'Active', 7.19, '2026-01-02T12:43:28.726Z'),
('Global Minerals Initiative 44 - iad', 'Phase 4 expansion project for Minerals', 'iad', 'NLD', 'Minerals', 'Pending', 22.68, '2026-01-02T12:43:28.726Z'),
('Global Energy Initiative 45 - iad', 'Phase 4 expansion project for Energy', 'iad', 'USA', 'Energy', 'Completed', 33.75, '2026-01-02T12:43:28.726Z'),
('Global Technology Initiative 46 - iad', 'Phase 4 expansion project for Technology', 'iad', 'CAN', 'Technology', 'Active', 11.49, '2026-01-02T12:43:28.726Z'),
('Global Health Initiative 47 - iad', 'Phase 4 expansion project for Health', 'iad', 'MEX', 'Health', 'Pending', 7.59, '2026-01-02T12:43:28.726Z'),
('Global Education Initiative 48 - iad', 'Phase 4 expansion project for Education', 'iad', 'BRA', 'Education', 'Completed', 19.73, '2026-01-02T12:43:28.726Z'),
('Global Agriculture Initiative 49 - iad', 'Phase 4 expansion project for Agriculture', 'iad', 'AUS', 'Agriculture', 'Active', 19.04, '2026-01-02T12:43:28.726Z'),
('Global Minerals Initiative 50 - iad', 'Phase 4 expansion project for Minerals', 'iad', 'CHN', 'Minerals', 'Pending', 54.14, '2026-01-02T12:43:28.726Z'),
('Global Agriculture Initiative 1 - syd', 'Phase 4 expansion project for Agriculture', 'syd', 'DEU', 'Agriculture', 'Active', 38.33, '2026-01-02T12:43:28.726Z'),
('Global Minerals Initiative 2 - syd', 'Phase 4 expansion project for Minerals', 'syd', 'GBR', 'Minerals', 'Pending', 18.27, '2026-01-02T12:43:28.726Z'),
('Global Energy Initiative 3 - syd', 'Phase 4 expansion project for Energy', 'syd', 'FRA', 'Energy', 'Completed', 51.56, '2026-01-02T12:43:28.726Z'),
('Global Technology Initiative 4 - syd', 'Phase 4 expansion project for Technology', 'syd', 'NLD', 'Technology', 'Active', 12.19, '2026-01-02T12:43:28.726Z'),
('Global Health Initiative 5 - syd', 'Phase 4 expansion project for Health', 'syd', 'USA', 'Health', 'Pending', 36.40, '2026-01-02T12:43:28.726Z'),
('Global Education Initiative 6 - syd', 'Phase 4 expansion project for Education', 'syd', 'CAN', 'Education', 'Completed', 40.11, '2026-01-02T12:43:28.726Z'),
('Global Agriculture Initiative 7 - syd', 'Phase 4 expansion project for Agriculture', 'syd', 'MEX', 'Agriculture', 'Active', 21.43, '2026-01-02T12:43:28.726Z'),
('Global Minerals Initiative 8 - syd', 'Phase 4 expansion project for Minerals', 'syd', 'BRA', 'Minerals', 'Pending', 41.71, '2026-01-02T12:43:28.726Z'),
('Global Energy Initiative 9 - syd', 'Phase 4 expansion project for Energy', 'syd', 'AUS', 'Energy', 'Completed', 41.59, '2026-01-02T12:43:28.726Z'),
('Global Technology Initiative 10 - syd', 'Phase 4 expansion project for Technology', 'syd', 'CHN', 'Technology', 'Active', 21.30, '2026-01-02T12:43:28.726Z'),
('Global Health Initiative 11 - syd', 'Phase 4 expansion project for Health', 'syd', 'DEU', 'Health', 'Pending', 18.97, '2026-01-02T12:43:28.726Z'),
('Global Education Initiative 12 - syd', 'Phase 4 expansion project for Education', 'syd', 'GBR', 'Education', 'Completed', 13.67, '2026-01-02T12:43:28.726Z'),
('Global Agriculture Initiative 13 - syd', 'Phase 4 expansion project for Agriculture', 'syd', 'FRA', 'Agriculture', 'Active', 28.01, '2026-01-02T12:43:28.726Z'),
('Global Minerals Initiative 14 - syd', 'Phase 4 expansion project for Minerals', 'syd', 'NLD', 'Minerals', 'Pending', 13.95, '2026-01-02T12:43:28.726Z'),
('Global Energy Initiative 15 - syd', 'Phase 4 expansion project for Energy', 'syd', 'USA', 'Energy', 'Completed', 15.67, '2026-01-02T12:43:28.726Z'),
('Global Technology Initiative 16 - syd', 'Phase 4 expansion project for Technology', 'syd', 'CAN', 'Technology', 'Active', 17.26, '2026-01-02T12:43:28.726Z'),
('Global Health Initiative 17 - syd', 'Phase 4 expansion project for Health', 'syd', 'MEX', 'Health', 'Pending', 51.41, '2026-01-02T12:43:28.726Z'),
('Global Education Initiative 18 - syd', 'Phase 4 expansion project for Education', 'syd', 'BRA', 'Education', 'Completed', 37.34, '2026-01-02T12:43:28.726Z'),
('Global Agriculture Initiative 19 - syd', 'Phase 4 expansion project for Agriculture', 'syd', 'AUS', 'Agriculture', 'Active', 17.96, '2026-01-02T12:43:28.726Z'),
('Global Minerals Initiative 20 - syd', 'Phase 4 expansion project for Minerals', 'syd', 'CHN', 'Minerals', 'Pending', 9.63, '2026-01-02T12:43:28.726Z'),
('Global Energy Initiative 21 - syd', 'Phase 4 expansion project for Energy', 'syd', 'DEU', 'Energy', 'Completed', 30.13, '2026-01-02T12:43:28.726Z'),
('Global Technology Initiative 22 - syd', 'Phase 4 expansion project for Technology', 'syd', 'GBR', 'Technology', 'Active', 19.56, '2026-01-02T12:43:28.726Z'),
('Global Health Initiative 23 - syd', 'Phase 4 expansion project for Health', 'syd', 'FRA', 'Health', 'Pending', 46.24, '2026-01-02T12:43:28.726Z'),
('Global Education Initiative 24 - syd', 'Phase 4 expansion project for Education', 'syd', 'NLD', 'Education', 'Completed', 29.53, '2026-01-02T12:43:28.726Z'),
('Global Agriculture Initiative 25 - syd', 'Phase 4 expansion project for Agriculture', 'syd', 'USA', 'Agriculture', 'Active', 30.63, '2026-01-02T12:43:28.726Z'),
('Global Minerals Initiative 26 - syd', 'Phase 4 expansion project for Minerals', 'syd', 'CAN', 'Minerals', 'Pending', 18.36, '2026-01-02T12:43:28.726Z'),
('Global Energy Initiative 27 - syd', 'Phase 4 expansion project for Energy', 'syd', 'MEX', 'Energy', 'Completed', 46.67, '2026-01-02T12:43:28.726Z'),
('Global Technology Initiative 28 - syd', 'Phase 4 expansion project for Technology', 'syd', 'BRA', 'Technology', 'Active', 17.44, '2026-01-02T12:43:28.726Z'),
('Global Health Initiative 29 - syd', 'Phase 4 expansion project for Health', 'syd', 'AUS', 'Health', 'Pending', 49.78, '2026-01-02T12:43:28.726Z'),
('Global Education Initiative 30 - syd', 'Phase 4 expansion project for Education', 'syd', 'CHN', 'Education', 'Completed', 46.44, '2026-01-02T12:43:28.726Z'),
('Global Agriculture Initiative 31 - syd', 'Phase 4 expansion project for Agriculture', 'syd', 'DEU', 'Agriculture', 'Active', 31.25, '2026-01-02T12:43:28.726Z'),
('Global Minerals Initiative 32 - syd', 'Phase 4 expansion project for Minerals', 'syd', 'GBR', 'Minerals', 'Pending', 13.96, '2026-01-02T12:43:28.726Z'),
('Global Energy Initiative 33 - syd', 'Phase 4 expansion project for Energy', 'syd', 'FRA', 'Energy', 'Completed', 52.95, '2026-01-02T12:43:28.726Z'),
('Global Technology Initiative 34 - syd', 'Phase 4 expansion project for Technology', 'syd', 'NLD', 'Technology', 'Active', 35.28, '2026-01-02T12:43:28.726Z'),
('Global Health Initiative 35 - syd', 'Phase 4 expansion project for Health', 'syd', 'USA', 'Health', 'Pending', 41.54, '2026-01-02T12:43:28.726Z'),
('Global Education Initiative 36 - syd', 'Phase 4 expansion project for Education', 'syd', 'CAN', 'Education', 'Completed', 28.08, '2026-01-02T12:43:28.726Z'),
('Global Agriculture Initiative 37 - syd', 'Phase 4 expansion project for Agriculture', 'syd', 'MEX', 'Agriculture', 'Active', 5.04, '2026-01-02T12:43:28.726Z'),
('Global Minerals Initiative 38 - syd', 'Phase 4 expansion project for Minerals', 'syd', 'BRA', 'Minerals', 'Pending', 8.09, '2026-01-02T12:43:28.726Z'),
('Global Energy Initiative 39 - syd', 'Phase 4 expansion project for Energy', 'syd', 'AUS', 'Energy', 'Completed', 25.38, '2026-01-02T12:43:28.726Z'),
('Global Technology Initiative 40 - syd', 'Phase 4 expansion project for Technology', 'syd', 'CHN', 'Technology', 'Active', 33.74, '2026-01-02T12:43:28.726Z'),
('Global Health Initiative 41 - syd', 'Phase 4 expansion project for Health', 'syd', 'DEU', 'Health', 'Pending', 39.53, '2026-01-02T12:43:28.726Z'),
('Global Education Initiative 42 - syd', 'Phase 4 expansion project for Education', 'syd', 'GBR', 'Education', 'Completed', 51.77, '2026-01-02T12:43:28.726Z'),
('Global Agriculture Initiative 43 - syd', 'Phase 4 expansion project for Agriculture', 'syd', 'FRA', 'Agriculture', 'Active', 52.89, '2026-01-02T12:43:28.726Z'),
('Global Minerals Initiative 44 - syd', 'Phase 4 expansion project for Minerals', 'syd', 'NLD', 'Minerals', 'Pending', 38.62, '2026-01-02T12:43:28.726Z'),
('Global Energy Initiative 45 - syd', 'Phase 4 expansion project for Energy', 'syd', 'USA', 'Energy', 'Completed', 26.39, '2026-01-02T12:43:28.726Z'),
('Global Technology Initiative 46 - syd', 'Phase 4 expansion project for Technology', 'syd', 'CAN', 'Technology', 'Active', 15.86, '2026-01-02T12:43:28.726Z'),
('Global Health Initiative 47 - syd', 'Phase 4 expansion project for Health', 'syd', 'MEX', 'Health', 'Pending', 14.94, '2026-01-02T12:43:28.726Z'),
('Global Education Initiative 48 - syd', 'Phase 4 expansion project for Education', 'syd', 'BRA', 'Education', 'Completed', 21.84, '2026-01-02T12:43:28.726Z'),
('Global Agriculture Initiative 49 - syd', 'Phase 4 expansion project for Agriculture', 'syd', 'AUS', 'Agriculture', 'Active', 16.40, '2026-01-02T12:43:28.726Z'),
('Global Minerals Initiative 50 - syd', 'Phase 4 expansion project for Minerals', 'syd', 'CHN', 'Minerals', 'Pending', 33.94, '2026-01-02T12:43:28.726Z'),
('Global Agriculture Initiative 1 - sin', 'Phase 4 expansion project for Agriculture', 'sin', 'DEU', 'Agriculture', 'Active', 9.85, '2026-01-02T12:43:28.726Z'),
('Global Minerals Initiative 2 - sin', 'Phase 4 expansion project for Minerals', 'sin', 'GBR', 'Minerals', 'Pending', 32.70, '2026-01-02T12:43:28.726Z'),
('Global Energy Initiative 3 - sin', 'Phase 4 expansion project for Energy', 'sin', 'FRA', 'Energy', 'Completed', 7.19, '2026-01-02T12:43:28.726Z'),
('Global Technology Initiative 4 - sin', 'Phase 4 expansion project for Technology', 'sin', 'NLD', 'Technology', 'Active', 10.94, '2026-01-02T12:43:28.726Z'),
('Global Health Initiative 5 - sin', 'Phase 4 expansion project for Health', 'sin', 'USA', 'Health', 'Pending', 36.72, '2026-01-02T12:43:28.726Z'),
('Global Education Initiative 6 - sin', 'Phase 4 expansion project for Education', 'sin', 'CAN', 'Education', 'Completed', 44.33, '2026-01-02T12:43:28.726Z'),
('Global Agriculture Initiative 7 - sin', 'Phase 4 expansion project for Agriculture', 'sin', 'MEX', 'Agriculture', 'Active', 9.39, '2026-01-02T12:43:28.726Z'),
('Global Minerals Initiative 8 - sin', 'Phase 4 expansion project for Minerals', 'sin', 'BRA', 'Minerals', 'Pending', 28.51, '2026-01-02T12:43:28.726Z'),
('Global Energy Initiative 9 - sin', 'Phase 4 expansion project for Energy', 'sin', 'AUS', 'Energy', 'Completed', 29.89, '2026-01-02T12:43:28.726Z'),
('Global Technology Initiative 10 - sin', 'Phase 4 expansion project for Technology', 'sin', 'CHN', 'Technology', 'Active', 28.14, '2026-01-02T12:43:28.726Z'),
('Global Health Initiative 11 - sin', 'Phase 4 expansion project for Health', 'sin', 'DEU', 'Health', 'Pending', 7.45, '2026-01-02T12:43:28.726Z'),
('Global Education Initiative 12 - sin', 'Phase 4 expansion project for Education', 'sin', 'GBR', 'Education', 'Completed', 10.36, '2026-01-02T12:43:28.726Z'),
('Global Agriculture Initiative 13 - sin', 'Phase 4 expansion project for Agriculture', 'sin', 'FRA', 'Agriculture', 'Active', 10.75, '2026-01-02T12:43:28.726Z'),
('Global Minerals Initiative 14 - sin', 'Phase 4 expansion project for Minerals', 'sin', 'NLD', 'Minerals', 'Pending', 28.29, '2026-01-02T12:43:28.726Z'),
('Global Energy Initiative 15 - sin', 'Phase 4 expansion project for Energy', 'sin', 'USA', 'Energy', 'Completed', 52.22, '2026-01-02T12:43:28.726Z'),
('Global Technology Initiative 16 - sin', 'Phase 4 expansion project for Technology', 'sin', 'CAN', 'Technology', 'Active', 49.47, '2026-01-02T12:43:28.726Z'),
('Global Health Initiative 17 - sin', 'Phase 4 expansion project for Health', 'sin', 'MEX', 'Health', 'Pending', 34.85, '2026-01-02T12:43:28.726Z'),
('Global Education Initiative 18 - sin', 'Phase 4 expansion project for Education', 'sin', 'BRA', 'Education', 'Completed', 22.68, '2026-01-02T12:43:28.726Z'),
('Global Agriculture Initiative 19 - sin', 'Phase 4 expansion project for Agriculture', 'sin', 'AUS', 'Agriculture', 'Active', 18.75, '2026-01-02T12:43:28.726Z'),
('Global Minerals Initiative 20 - sin', 'Phase 4 expansion project for Minerals', 'sin', 'CHN', 'Minerals', 'Pending', 11.78, '2026-01-02T12:43:28.726Z'),
('Global Energy Initiative 21 - sin', 'Phase 4 expansion project for Energy', 'sin', 'DEU', 'Energy', 'Completed', 11.52, '2026-01-02T12:43:28.726Z'),
('Global Technology Initiative 22 - sin', 'Phase 4 expansion project for Technology', 'sin', 'GBR', 'Technology', 'Active', 51.99, '2026-01-02T12:43:28.726Z'),
('Global Health Initiative 23 - sin', 'Phase 4 expansion project for Health', 'sin', 'FRA', 'Health', 'Pending', 20.31, '2026-01-02T12:43:28.726Z'),
('Global Education Initiative 24 - sin', 'Phase 4 expansion project for Education', 'sin', 'NLD', 'Education', 'Completed', 37.92, '2026-01-02T12:43:28.726Z'),
('Global Agriculture Initiative 25 - sin', 'Phase 4 expansion project for Agriculture', 'sin', 'USA', 'Agriculture', 'Active', 28.79, '2026-01-02T12:43:28.726Z'),
('Global Minerals Initiative 26 - sin', 'Phase 4 expansion project for Minerals', 'sin', 'CAN', 'Minerals', 'Pending', 36.82, '2026-01-02T12:43:28.726Z'),
('Global Energy Initiative 27 - sin', 'Phase 4 expansion project for Energy', 'sin', 'MEX', 'Energy', 'Completed', 11.32, '2026-01-02T12:43:28.726Z'),
('Global Technology Initiative 28 - sin', 'Phase 4 expansion project for Technology', 'sin', 'BRA', 'Technology', 'Active', 17.28, '2026-01-02T12:43:28.726Z'),
('Global Health Initiative 29 - sin', 'Phase 4 expansion project for Health', 'sin', 'AUS', 'Health', 'Pending', 40.26, '2026-01-02T12:43:28.726Z'),
('Global Education Initiative 30 - sin', 'Phase 4 expansion project for Education', 'sin', 'CHN', 'Education', 'Completed', 8.06, '2026-01-02T12:43:28.726Z'),
('Global Agriculture Initiative 31 - sin', 'Phase 4 expansion project for Agriculture', 'sin', 'DEU', 'Agriculture', 'Active', 51.16, '2026-01-02T12:43:28.726Z'),
('Global Minerals Initiative 32 - sin', 'Phase 4 expansion project for Minerals', 'sin', 'GBR', 'Minerals', 'Pending', 10.36, '2026-01-02T12:43:28.726Z'),
('Global Energy Initiative 33 - sin', 'Phase 4 expansion project for Energy', 'sin', 'FRA', 'Energy', 'Completed', 34.16, '2026-01-02T12:43:28.726Z'),
('Global Technology Initiative 34 - sin', 'Phase 4 expansion project for Technology', 'sin', 'NLD', 'Technology', 'Active', 28.95, '2026-01-02T12:43:28.726Z'),
('Global Health Initiative 35 - sin', 'Phase 4 expansion project for Health', 'sin', 'USA', 'Health', 'Pending', 34.55, '2026-01-02T12:43:28.726Z'),
('Global Education Initiative 36 - sin', 'Phase 4 expansion project for Education', 'sin', 'CAN', 'Education', 'Completed', 49.52, '2026-01-02T12:43:28.726Z'),
('Global Agriculture Initiative 37 - sin', 'Phase 4 expansion project for Agriculture', 'sin', 'MEX', 'Agriculture', 'Active', 6.90, '2026-01-02T12:43:28.726Z'),
('Global Minerals Initiative 38 - sin', 'Phase 4 expansion project for Minerals', 'sin', 'BRA', 'Minerals', 'Pending', 8.89, '2026-01-02T12:43:28.726Z'),
('Global Energy Initiative 39 - sin', 'Phase 4 expansion project for Energy', 'sin', 'AUS', 'Energy', 'Completed', 17.56, '2026-01-02T12:43:28.726Z'),
('Global Technology Initiative 40 - sin', 'Phase 4 expansion project for Technology', 'sin', 'CHN', 'Technology', 'Active', 18.01, '2026-01-02T12:43:28.726Z'),
('Global Health Initiative 41 - sin', 'Phase 4 expansion project for Health', 'sin', 'DEU', 'Health', 'Pending', 9.98, '2026-01-02T12:43:28.726Z'),
('Global Education Initiative 42 - sin', 'Phase 4 expansion project for Education', 'sin', 'GBR', 'Education', 'Completed', 48.23, '2026-01-02T12:43:28.726Z'),
('Global Agriculture Initiative 43 - sin', 'Phase 4 expansion project for Agriculture', 'sin', 'FRA', 'Agriculture', 'Active', 38.03, '2026-01-02T12:43:28.726Z'),
('Global Minerals Initiative 44 - sin', 'Phase 4 expansion project for Minerals', 'sin', 'NLD', 'Minerals', 'Pending', 42.84, '2026-01-02T12:43:28.726Z'),
('Global Energy Initiative 45 - sin', 'Phase 4 expansion project for Energy', 'sin', 'USA', 'Energy', 'Completed', 44.54, '2026-01-02T12:43:28.726Z'),
('Global Technology Initiative 46 - sin', 'Phase 4 expansion project for Technology', 'sin', 'CAN', 'Technology', 'Active', 15.46, '2026-01-02T12:43:28.726Z'),
('Global Health Initiative 47 - sin', 'Phase 4 expansion project for Health', 'sin', 'MEX', 'Health', 'Pending', 42.17, '2026-01-02T12:43:28.726Z'),
('Global Education Initiative 48 - sin', 'Phase 4 expansion project for Education', 'sin', 'BRA', 'Education', 'Completed', 40.03, '2026-01-02T12:43:28.726Z'),
('Global Agriculture Initiative 49 - sin', 'Phase 4 expansion project for Agriculture', 'sin', 'AUS', 'Agriculture', 'Active', 35.26, '2026-01-02T12:43:28.726Z'),
('Global Minerals Initiative 50 - sin', 'Phase 4 expansion project for Minerals', 'sin', 'CHN', 'Minerals', 'Pending', 45.36, '2026-01-02T12:43:28.726Z'),
('Global Agriculture Initiative 1 - sfo', 'Phase 4 expansion project for Agriculture', 'sfo', 'DEU', 'Agriculture', 'Active', 45.98, '2026-01-02T12:43:28.726Z'),
('Global Minerals Initiative 2 - sfo', 'Phase 4 expansion project for Minerals', 'sfo', 'GBR', 'Minerals', 'Pending', 26.94, '2026-01-02T12:43:28.726Z'),
('Global Energy Initiative 3 - sfo', 'Phase 4 expansion project for Energy', 'sfo', 'FRA', 'Energy', 'Completed', 49.48, '2026-01-02T12:43:28.726Z'),
('Global Technology Initiative 4 - sfo', 'Phase 4 expansion project for Technology', 'sfo', 'NLD', 'Technology', 'Active', 41.85, '2026-01-02T12:43:28.726Z'),
('Global Health Initiative 5 - sfo', 'Phase 4 expansion project for Health', 'sfo', 'USA', 'Health', 'Pending', 5.63, '2026-01-02T12:43:28.726Z'),
('Global Education Initiative 6 - sfo', 'Phase 4 expansion project for Education', 'sfo', 'CAN', 'Education', 'Completed', 44.45, '2026-01-02T12:43:28.726Z'),
('Global Agriculture Initiative 7 - sfo', 'Phase 4 expansion project for Agriculture', 'sfo', 'MEX', 'Agriculture', 'Active', 40.60, '2026-01-02T12:43:28.726Z'),
('Global Minerals Initiative 8 - sfo', 'Phase 4 expansion project for Minerals', 'sfo', 'BRA', 'Minerals', 'Pending', 8.19, '2026-01-02T12:43:28.726Z'),
('Global Energy Initiative 9 - sfo', 'Phase 4 expansion project for Energy', 'sfo', 'AUS', 'Energy', 'Completed', 21.50, '2026-01-02T12:43:28.726Z'),
('Global Technology Initiative 10 - sfo', 'Phase 4 expansion project for Technology', 'sfo', 'CHN', 'Technology', 'Active', 34.00, '2026-01-02T12:43:28.726Z'),
('Global Health Initiative 11 - sfo', 'Phase 4 expansion project for Health', 'sfo', 'DEU', 'Health', 'Pending', 43.30, '2026-01-02T12:43:28.726Z'),
('Global Education Initiative 12 - sfo', 'Phase 4 expansion project for Education', 'sfo', 'GBR', 'Education', 'Completed', 35.44, '2026-01-02T12:43:28.726Z'),
('Global Agriculture Initiative 13 - sfo', 'Phase 4 expansion project for Agriculture', 'sfo', 'FRA', 'Agriculture', 'Active', 41.29, '2026-01-02T12:43:28.727Z'),
('Global Minerals Initiative 14 - sfo', 'Phase 4 expansion project for Minerals', 'sfo', 'NLD', 'Minerals', 'Pending', 51.61, '2026-01-02T12:43:28.727Z'),
('Global Energy Initiative 15 - sfo', 'Phase 4 expansion project for Energy', 'sfo', 'USA', 'Energy', 'Completed', 23.98, '2026-01-02T12:43:28.727Z'),
('Global Technology Initiative 16 - sfo', 'Phase 4 expansion project for Technology', 'sfo', 'CAN', 'Technology', 'Active', 48.27, '2026-01-02T12:43:28.727Z'),
('Global Health Initiative 17 - sfo', 'Phase 4 expansion project for Health', 'sfo', 'MEX', 'Health', 'Pending', 8.32, '2026-01-02T12:43:28.727Z'),
('Global Education Initiative 18 - sfo', 'Phase 4 expansion project for Education', 'sfo', 'BRA', 'Education', 'Completed', 53.20, '2026-01-02T12:43:28.727Z'),
('Global Agriculture Initiative 19 - sfo', 'Phase 4 expansion project for Agriculture', 'sfo', 'AUS', 'Agriculture', 'Active', 19.18, '2026-01-02T12:43:28.727Z'),
('Global Minerals Initiative 20 - sfo', 'Phase 4 expansion project for Minerals', 'sfo', 'CHN', 'Minerals', 'Pending', 26.23, '2026-01-02T12:43:28.727Z'),
('Global Energy Initiative 21 - sfo', 'Phase 4 expansion project for Energy', 'sfo', 'DEU', 'Energy', 'Completed', 28.65, '2026-01-02T12:43:28.727Z'),
('Global Technology Initiative 22 - sfo', 'Phase 4 expansion project for Technology', 'sfo', 'GBR', 'Technology', 'Active', 25.67, '2026-01-02T12:43:28.727Z'),
('Global Health Initiative 23 - sfo', 'Phase 4 expansion project for Health', 'sfo', 'FRA', 'Health', 'Pending', 8.85, '2026-01-02T12:43:28.727Z'),
('Global Education Initiative 24 - sfo', 'Phase 4 expansion project for Education', 'sfo', 'NLD', 'Education', 'Completed', 21.53, '2026-01-02T12:43:28.727Z'),
('Global Agriculture Initiative 25 - sfo', 'Phase 4 expansion project for Agriculture', 'sfo', 'USA', 'Agriculture', 'Active', 8.16, '2026-01-02T12:43:28.727Z'),
('Global Minerals Initiative 26 - sfo', 'Phase 4 expansion project for Minerals', 'sfo', 'CAN', 'Minerals', 'Pending', 47.39, '2026-01-02T12:43:28.727Z'),
('Global Energy Initiative 27 - sfo', 'Phase 4 expansion project for Energy', 'sfo', 'MEX', 'Energy', 'Completed', 52.71, '2026-01-02T12:43:28.727Z'),
('Global Technology Initiative 28 - sfo', 'Phase 4 expansion project for Technology', 'sfo', 'BRA', 'Technology', 'Active', 6.57, '2026-01-02T12:43:28.727Z'),
('Global Health Initiative 29 - sfo', 'Phase 4 expansion project for Health', 'sfo', 'AUS', 'Health', 'Pending', 18.93, '2026-01-02T12:43:28.727Z'),
('Global Education Initiative 30 - sfo', 'Phase 4 expansion project for Education', 'sfo', 'CHN', 'Education', 'Completed', 15.60, '2026-01-02T12:43:28.727Z'),
('Global Agriculture Initiative 31 - sfo', 'Phase 4 expansion project for Agriculture', 'sfo', 'DEU', 'Agriculture', 'Active', 46.05, '2026-01-02T12:43:28.727Z'),
('Global Minerals Initiative 32 - sfo', 'Phase 4 expansion project for Minerals', 'sfo', 'GBR', 'Minerals', 'Pending', 10.53, '2026-01-02T12:43:28.727Z'),
('Global Energy Initiative 33 - sfo', 'Phase 4 expansion project for Energy', 'sfo', 'FRA', 'Energy', 'Completed', 30.19, '2026-01-02T12:43:28.727Z'),
('Global Technology Initiative 34 - sfo', 'Phase 4 expansion project for Technology', 'sfo', 'NLD', 'Technology', 'Active', 6.40, '2026-01-02T12:43:28.727Z'),
('Global Health Initiative 35 - sfo', 'Phase 4 expansion project for Health', 'sfo', 'USA', 'Health', 'Pending', 26.86, '2026-01-02T12:43:28.727Z'),
('Global Education Initiative 36 - sfo', 'Phase 4 expansion project for Education', 'sfo', 'CAN', 'Education', 'Completed', 28.69, '2026-01-02T12:43:28.727Z'),
('Global Agriculture Initiative 37 - sfo', 'Phase 4 expansion project for Agriculture', 'sfo', 'MEX', 'Agriculture', 'Active', 15.13, '2026-01-02T12:43:28.727Z'),
('Global Minerals Initiative 38 - sfo', 'Phase 4 expansion project for Minerals', 'sfo', 'BRA', 'Minerals', 'Pending', 35.34, '2026-01-02T12:43:28.727Z'),
('Global Energy Initiative 39 - sfo', 'Phase 4 expansion project for Energy', 'sfo', 'AUS', 'Energy', 'Completed', 33.77, '2026-01-02T12:43:28.727Z'),
('Global Technology Initiative 40 - sfo', 'Phase 4 expansion project for Technology', 'sfo', 'CHN', 'Technology', 'Active', 36.11, '2026-01-02T12:43:28.727Z'),
('Global Health Initiative 41 - sfo', 'Phase 4 expansion project for Health', 'sfo', 'DEU', 'Health', 'Pending', 54.27, '2026-01-02T12:43:28.727Z'),
('Global Education Initiative 42 - sfo', 'Phase 4 expansion project for Education', 'sfo', 'GBR', 'Education', 'Completed', 14.63, '2026-01-02T12:43:28.727Z'),
('Global Agriculture Initiative 43 - sfo', 'Phase 4 expansion project for Agriculture', 'sfo', 'FRA', 'Agriculture', 'Active', 26.75, '2026-01-02T12:43:28.727Z'),
('Global Minerals Initiative 44 - sfo', 'Phase 4 expansion project for Minerals', 'sfo', 'NLD', 'Minerals', 'Pending', 10.28, '2026-01-02T12:43:28.727Z'),
('Global Energy Initiative 45 - sfo', 'Phase 4 expansion project for Energy', 'sfo', 'USA', 'Energy', 'Completed', 13.09, '2026-01-02T12:43:28.727Z'),
('Global Technology Initiative 46 - sfo', 'Phase 4 expansion project for Technology', 'sfo', 'CAN', 'Technology', 'Active', 51.13, '2026-01-02T12:43:28.727Z'),
('Global Health Initiative 47 - sfo', 'Phase 4 expansion project for Health', 'sfo', 'MEX', 'Health', 'Pending', 16.86, '2026-01-02T12:43:28.727Z'),
('Global Education Initiative 48 - sfo', 'Phase 4 expansion project for Education', 'sfo', 'BRA', 'Education', 'Completed', 16.30, '2026-01-02T12:43:28.727Z'),
('Global Agriculture Initiative 49 - sfo', 'Phase 4 expansion project for Agriculture', 'sfo', 'AUS', 'Agriculture', 'Active', 47.02, '2026-01-02T12:43:28.727Z'),
('Global Minerals Initiative 50 - sfo', 'Phase 4 expansion project for Minerals', 'sfo', 'CHN', 'Minerals', 'Pending', 51.41, '2026-01-02T12:43:28.727Z'),
('Global Agriculture Initiative 1 - jnb', 'Phase 4 expansion project for Agriculture', 'jnb', 'DEU', 'Agriculture', 'Active', 40.76, '2026-01-02T12:43:28.727Z'),
('Global Minerals Initiative 2 - jnb', 'Phase 4 expansion project for Minerals', 'jnb', 'GBR', 'Minerals', 'Pending', 33.98, '2026-01-02T12:43:28.727Z'),
('Global Energy Initiative 3 - jnb', 'Phase 4 expansion project for Energy', 'jnb', 'FRA', 'Energy', 'Completed', 10.89, '2026-01-02T12:43:28.727Z'),
('Global Technology Initiative 4 - jnb', 'Phase 4 expansion project for Technology', 'jnb', 'NLD', 'Technology', 'Active', 19.40, '2026-01-02T12:43:28.727Z'),
('Global Health Initiative 5 - jnb', 'Phase 4 expansion project for Health', 'jnb', 'USA', 'Health', 'Pending', 20.17, '2026-01-02T12:43:28.727Z'),
('Global Education Initiative 6 - jnb', 'Phase 4 expansion project for Education', 'jnb', 'CAN', 'Education', 'Completed', 15.68, '2026-01-02T12:43:28.727Z'),
('Global Agriculture Initiative 7 - jnb', 'Phase 4 expansion project for Agriculture', 'jnb', 'MEX', 'Agriculture', 'Active', 17.16, '2026-01-02T12:43:28.727Z'),
('Global Minerals Initiative 8 - jnb', 'Phase 4 expansion project for Minerals', 'jnb', 'BRA', 'Minerals', 'Pending', 46.96, '2026-01-02T12:43:28.727Z'),
('Global Energy Initiative 9 - jnb', 'Phase 4 expansion project for Energy', 'jnb', 'AUS', 'Energy', 'Completed', 50.75, '2026-01-02T12:43:28.727Z'),
('Global Technology Initiative 10 - jnb', 'Phase 4 expansion project for Technology', 'jnb', 'CHN', 'Technology', 'Active', 36.12, '2026-01-02T12:43:28.727Z'),
('Global Health Initiative 11 - jnb', 'Phase 4 expansion project for Health', 'jnb', 'DEU', 'Health', 'Pending', 26.82, '2026-01-02T12:43:28.727Z'),
('Global Education Initiative 12 - jnb', 'Phase 4 expansion project for Education', 'jnb', 'GBR', 'Education', 'Completed', 47.73, '2026-01-02T12:43:28.727Z'),
('Global Agriculture Initiative 13 - jnb', 'Phase 4 expansion project for Agriculture', 'jnb', 'FRA', 'Agriculture', 'Active', 31.60, '2026-01-02T12:43:28.727Z'),
('Global Minerals Initiative 14 - jnb', 'Phase 4 expansion project for Minerals', 'jnb', 'NLD', 'Minerals', 'Pending', 38.41, '2026-01-02T12:43:28.727Z'),
('Global Energy Initiative 15 - jnb', 'Phase 4 expansion project for Energy', 'jnb', 'USA', 'Energy', 'Completed', 48.68, '2026-01-02T12:43:28.727Z'),
('Global Technology Initiative 16 - jnb', 'Phase 4 expansion project for Technology', 'jnb', 'CAN', 'Technology', 'Active', 41.06, '2026-01-02T12:43:28.727Z'),
('Global Health Initiative 17 - jnb', 'Phase 4 expansion project for Health', 'jnb', 'MEX', 'Health', 'Pending', 30.65, '2026-01-02T12:43:28.727Z'),
('Global Education Initiative 18 - jnb', 'Phase 4 expansion project for Education', 'jnb', 'BRA', 'Education', 'Completed', 5.17, '2026-01-02T12:43:28.727Z'),
('Global Agriculture Initiative 19 - jnb', 'Phase 4 expansion project for Agriculture', 'jnb', 'AUS', 'Agriculture', 'Active', 11.04, '2026-01-02T12:43:28.727Z'),
('Global Minerals Initiative 20 - jnb', 'Phase 4 expansion project for Minerals', 'jnb', 'CHN', 'Minerals', 'Pending', 25.07, '2026-01-02T12:43:28.727Z'),
('Global Energy Initiative 21 - jnb', 'Phase 4 expansion project for Energy', 'jnb', 'DEU', 'Energy', 'Completed', 13.94, '2026-01-02T12:43:28.727Z'),
('Global Technology Initiative 22 - jnb', 'Phase 4 expansion project for Technology', 'jnb', 'GBR', 'Technology', 'Active', 8.50, '2026-01-02T12:43:28.727Z'),
('Global Health Initiative 23 - jnb', 'Phase 4 expansion project for Health', 'jnb', 'FRA', 'Health', 'Pending', 22.54, '2026-01-02T12:43:28.727Z'),
('Global Education Initiative 24 - jnb', 'Phase 4 expansion project for Education', 'jnb', 'NLD', 'Education', 'Completed', 12.52, '2026-01-02T12:43:28.727Z'),
('Global Agriculture Initiative 25 - jnb', 'Phase 4 expansion project for Agriculture', 'jnb', 'USA', 'Agriculture', 'Active', 21.15, '2026-01-02T12:43:28.727Z'),
('Global Minerals Initiative 26 - jnb', 'Phase 4 expansion project for Minerals', 'jnb', 'CAN', 'Minerals', 'Pending', 30.75, '2026-01-02T12:43:28.727Z'),
('Global Energy Initiative 27 - jnb', 'Phase 4 expansion project for Energy', 'jnb', 'MEX', 'Energy', 'Completed', 8.28, '2026-01-02T12:43:28.727Z'),
('Global Technology Initiative 28 - jnb', 'Phase 4 expansion project for Technology', 'jnb', 'BRA', 'Technology', 'Active', 13.14, '2026-01-02T12:43:28.727Z'),
('Global Health Initiative 29 - jnb', 'Phase 4 expansion project for Health', 'jnb', 'AUS', 'Health', 'Pending', 31.36, '2026-01-02T12:43:28.727Z'),
('Global Education Initiative 30 - jnb', 'Phase 4 expansion project for Education', 'jnb', 'CHN', 'Education', 'Completed', 54.05, '2026-01-02T12:43:28.727Z'),
('Global Agriculture Initiative 31 - jnb', 'Phase 4 expansion project for Agriculture', 'jnb', 'DEU', 'Agriculture', 'Active', 27.42, '2026-01-02T12:43:28.727Z'),
('Global Minerals Initiative 32 - jnb', 'Phase 4 expansion project for Minerals', 'jnb', 'GBR', 'Minerals', 'Pending', 33.87, '2026-01-02T12:43:28.727Z'),
('Global Energy Initiative 33 - jnb', 'Phase 4 expansion project for Energy', 'jnb', 'FRA', 'Energy', 'Completed', 51.97, '2026-01-02T12:43:28.727Z'),
('Global Technology Initiative 34 - jnb', 'Phase 4 expansion project for Technology', 'jnb', 'NLD', 'Technology', 'Active', 32.80, '2026-01-02T12:43:28.727Z'),
('Global Health Initiative 35 - jnb', 'Phase 4 expansion project for Health', 'jnb', 'USA', 'Health', 'Pending', 31.55, '2026-01-02T12:43:28.727Z'),
('Global Education Initiative 36 - jnb', 'Phase 4 expansion project for Education', 'jnb', 'CAN', 'Education', 'Completed', 9.16, '2026-01-02T12:43:28.727Z'),
('Global Agriculture Initiative 37 - jnb', 'Phase 4 expansion project for Agriculture', 'jnb', 'MEX', 'Agriculture', 'Active', 35.46, '2026-01-02T12:43:28.727Z'),
('Global Minerals Initiative 38 - jnb', 'Phase 4 expansion project for Minerals', 'jnb', 'BRA', 'Minerals', 'Pending', 17.56, '2026-01-02T12:43:28.727Z'),
('Global Energy Initiative 39 - jnb', 'Phase 4 expansion project for Energy', 'jnb', 'AUS', 'Energy', 'Completed', 28.10, '2026-01-02T12:43:28.727Z'),
('Global Technology Initiative 40 - jnb', 'Phase 4 expansion project for Technology', 'jnb', 'CHN', 'Technology', 'Active', 37.51, '2026-01-02T12:43:28.727Z'),
('Global Health Initiative 41 - jnb', 'Phase 4 expansion project for Health', 'jnb', 'DEU', 'Health', 'Pending', 22.64, '2026-01-02T12:43:28.727Z'),
('Global Education Initiative 42 - jnb', 'Phase 4 expansion project for Education', 'jnb', 'GBR', 'Education', 'Completed', 51.33, '2026-01-02T12:43:28.727Z'),
('Global Agriculture Initiative 43 - jnb', 'Phase 4 expansion project for Agriculture', 'jnb', 'FRA', 'Agriculture', 'Active', 6.01, '2026-01-02T12:43:28.727Z'),
('Global Minerals Initiative 44 - jnb', 'Phase 4 expansion project for Minerals', 'jnb', 'NLD', 'Minerals', 'Pending', 26.39, '2026-01-02T12:43:28.727Z'),
('Global Energy Initiative 45 - jnb', 'Phase 4 expansion project for Energy', 'jnb', 'USA', 'Energy', 'Completed', 21.19, '2026-01-02T12:43:28.727Z'),
('Global Technology Initiative 46 - jnb', 'Phase 4 expansion project for Technology', 'jnb', 'CAN', 'Technology', 'Active', 49.02, '2026-01-02T12:43:28.727Z'),
('Global Health Initiative 47 - jnb', 'Phase 4 expansion project for Health', 'jnb', 'MEX', 'Health', 'Pending', 40.18, '2026-01-02T12:43:28.727Z'),
('Global Education Initiative 48 - jnb', 'Phase 4 expansion project for Education', 'jnb', 'BRA', 'Education', 'Completed', 7.17, '2026-01-02T12:43:28.727Z'),
('Global Agriculture Initiative 49 - jnb', 'Phase 4 expansion project for Agriculture', 'jnb', 'AUS', 'Agriculture', 'Active', 14.91, '2026-01-02T12:43:28.727Z'),
('Global Minerals Initiative 50 - jnb', 'Phase 4 expansion project for Minerals', 'jnb', 'CHN', 'Minerals', 'Pending', 30.78, '2026-01-02T12:43:28.727Z');

-- Generate regional statistics
INSERT INTO regional_stats (region, total_gdp, countries_count, active_projects, total_contribution) VALUES
('ams', 25901.00, 36, 50, 259.01),
('iad', 35636.75, 49, 50, 356.37),
('syd', 8946.04, 27, 50, 89.46),
('sin', 31212.00, 37, 50, 312.12),
('sfo', 0.00, 0, 50, 0.00),
('jnb', 2384.80, 27, 50, 23.85);

COMMIT;

-- Verification
SELECT COUNT(*) as total_countries FROM countries;
SELECT region, COUNT(*) as country_count FROM countries GROUP BY region ORDER BY region;
SELECT region, COUNT(*) as project_count FROM covenant_projects GROUP BY region ORDER BY region;
